SQL_ApplicationRiskId,SQL_Id,SQL_RiskReference,SQL_MemberId,SQL_MemberReference,SQL_MemberName,SQL_ApplicationId,SQL_ApplicationReference,SQL_ApplicationType,SQL_EmailAddress,SQL_VesselId,SQL_ImoNumber,SQL_VesselName,SQL_VesselType,SQL_CallSign,SQL_GrossTonnage,SQL_YearBuilt,SQL_FlagCountryCode,SQL_FlagCountryName,SQL_PortOfRegistryCode,SQL_PortOfRegistryName,SQL_RiskCategoryName,SQL_EngineHorsePower,SQL_TrademarkEngineModelNumber
150831,94204,73242,26622,12362,Manuel De Olim Cc,76181,1044651,Policy,Mark.Greenland@shipownersclub.com,94204,6547440,Alpha,SEINING,THIS IS NEW,99,1973,ZAF,SOUTH AFRICA,CAP,CAPE TOWN,FISHING VESSELS,null,null
150830,94203,59940,26622,12362,Manuel De Olim Cc,76181,1044651,Policy,Mark.Greenland@shipownersclub.com,94203,7276969,Swordfish,LONG LINES,Imma New Sign,77,1981,ZAF,SOUTH AFRICA,DUR,DURBAN,FISHING VESSELS,null,null
150827,130181,682639,44905,73329,Rohit Singh,76179,1044650,Quote,Janie.Welsh@shipownersclub.com,130181,null,RohitRisk,FISH FARM VESSELS,12313,200,2021,ATA,ANTARCTICA,AAB,AABENRAA,FISHING VESSELS,null,null
150826,130179,682637,44904,73328,Test3Member Variation1,76177,1044648,Policy,Janie.Welsh@shipownersclub.com,130179,3453466,Test3Policy Risk,YACHT CHARTER 13+ PAX,f56,2500,2012,ITA,ITALY,TRE,TRIESTE,YACHTS,null,null
150824,130180,682638,44904,73328,Test3Member Variation1,76175,1044647,Quote,Janie.Welsh@shipownersclub.com,130180,6565533,QuoteTest3 Risk,YACHT CHARTER 13+ PAX,dfg54,2500,2012,ITA,ITALY,TRE,TRIESTE,YACHTS,null,null
150823,130179,682637,44904,73328,Test3Member Variation1,76174,1044646,Policy,Janie.Welsh@shipownersclub.com,130179,3453466,Test3Policy Risk,YACHT CHARTER 13+ PAX,f56,2500,2012,ITA,ITALY,TRE,TRIESTE,YACHTS,null,null
150822,130179,682637,44904,73328,Test3Member Variation1,76173,1044646,Quote,Janie.Welsh@shipownersclub.com,130179,3453466,Test3Policy Risk,YACHT CHARTER 13+ PAX,f56,2500,2012,ITA,ITALY,TRE,TRIESTE,YACHTS,null,null
150821,130177,682635,44903,73327,Test2Member Altered,76172,1044645,Policy,Janie.Welsh@shipownersclub.com,130177,4565541,Riskfor Test2,YACHT CHARTER 13+ PAX,gf54,2500,2012,ITA,ITALY,TRE,TRIESTE,YACHTS,null,null
150818,130178,682636,44903,73327,Test2Member Altered,76169,1044644,Quote,Janie.Welsh@shipownersclub.com,130178,7657565,Test2Quote Risk,YACHT CHARTER 13+ PAX,gch45,2500,2012,ITA,ITALY,TRE,TRIESTE,YACHTS,null,null
150817,130177,682635,44903,73327,Test2Member Altered,76168,1044643,Policy,Janie.Welsh@shipownersclub.com,130177,4565541,Riskfor Test2,YACHT CHARTER 13+ PAX,gf54,2500,2012,ITA,ITALY,TRE,TRIESTE,YACHTS,null,null
150816,130177,682635,44903,73327,Test2Member Altered,76167,1044643,Quote,Janie.Welsh@shipownersclub.com,130177,4565541,Riskfor Test2,YACHT CHARTER 13+ PAX,gf54,2500,2012,ITA,ITALY,TRE,TRIESTE,YACHTS,null,null
150815,130176,682634,44902,73326,Test1Member Updated,76166,1044642,Policy,Janie.Welsh@shipownersclub.com,130176,5435339,Test1 Policy1Risk,YACHT CHARTER 13+ PAX,6467tryhrt,2500,2012,ITA,ITALY,TRE,TRIESTE,YACHTS,null,null
150813,130176,682634,44902,73326,Test1Member Updated,76163,1044640,Policy,Janie.Welsh@shipownersclub.com,130176,5435339,Test1 Policy1Risk,YACHT CHARTER 13+ PAX,6467tryhrt,2500,2012,ITA,ITALY,TRE,TRIESTE,YACHTS,null,null
150812,130176,682634,44902,73326,Test1Member Updated,76162,1044640,Quote,Janie.Welsh@shipownersclub.com,130176,5435339,Test1 Policy1Risk,YACHT CHARTER 13+ PAX,6467tryhrt,2500,2012,ITA,ITALY,TRE,TRIESTE,YACHTS,null,null
150811,130174,682632,44900,73324,Member For1044636,76161,1044636,Policy,Janie.Welsh@shipownersclub.com,130174,5767079,Risk For1044636,YACHT CHARTER 13+ PAX,jhvhj,2500,2012,ITA,ITALY,TRE,TRIESTE,YACHTS,null,null
150810,130173,682631,44899,73323,Member For1044635,76160,1044635,Policy,Janie.Welsh@shipownersclub.com,130173,7587590,Risk For1044635,YACHT CHARTER 13+ PAX,gjj,2500,2012,ITA,ITALY,TRE,TRIESTE,YACHTS,null,null
150809,130172,682630,44898,73322,Member For1044634,76159,1044634,Policy,Janie.Welsh@shipownersclub.com,130172,6757863,Risk For1044634,YACHT CHARTER 13+ PAX,jh,2500,2012,ITA,ITALY,TRE,TRIESTE,YACHTS,null,null
150808,130171,682629,44897,73321,Member For1044633,76158,1044633,Policy,Janie.Welsh@shipownersclub.com,130171,7987697,Rsk For1044633,YACHT CHARTER 13+ PAX,fgf,2500,2012,ITA,ITALY,GEN,GENOA,YACHTS,null,null
150807,130175,682633,44901,73325,Member for PartyCheck,76157,1044639,Policy,Janie.Welsh@shipownersclub.com,130175,6458716,RiskFor Party,YACHT CHARTER 13+ PAX,gy,2500,2012,ITA,ITALY,TRE,TRIESTE,YACHTS,null,null
150805,130175,682633,44901,73325,Member for PartyCheck,76155,1044638,Policy,Janie.Welsh@shipownersclub.com,130175,6458716,RiskFor Party,YACHT CHARTER 13+ PAX,gy,2500,2012,ITA,ITALY,TRE,TRIESTE,YACHTS,null,null
150804,130175,682633,44901,73325,Member for PartyCheck,76154,1044638,Quote,Janie.Welsh@shipownersclub.com,130175,6458716,RiskFor Party,YACHT CHARTER 13+ PAX,gy,2500,2012,ITA,ITALY,TRE,TRIESTE,YACHTS,null,null
150797,130140,682598,44888,73312,Member For155071,76150,1044606,Policy,Janie.Welsh@shipownersclub.com,130140,null,Risk 2 1044606,YACHT CHARTER 13+ PAX,null,2500,2012,IRL,IRELAND REPUBLIC OF,COR,CORK,YACHTS,null,null
150796,130139,682597,44888,73312,Member For155071,76150,1044606,Policy,Janie.Welsh@shipownersclub.com,130139,null,Risk 1 1044606,YACHT CHARTER 13+ PAX,null,2500,2012,ITA,ITALY,TRE,TRIESTE,YACHTS,null,null
150795,130174,682632,44900,73324,Member For1044636,76149,1044636,Quote,Janie.Welsh@shipownersclub.com,130174,5767079,Risk For1044636,YACHT CHARTER 13+ PAX,jhvhj,2500,2012,ITA,ITALY,TRE,TRIESTE,YACHTS,null,null
150794,130173,682631,44899,73323,Member For1044635,76148,1044635,Quote,Janie.Welsh@shipownersclub.com,130173,7587590,Risk For1044635,YACHT CHARTER 13+ PAX,gjj,2500,2012,ITA,ITALY,TRE,TRIESTE,YACHTS,null,null
150793,130172,682630,44898,73322,Member For1044634,76147,1044634,Quote,Janie.Welsh@shipownersclub.com,130172,6757863,Risk For1044634,YACHT CHARTER 13+ PAX,jh,2500,2012,ITA,ITALY,TRE,TRIESTE,YACHTS,null,null
150792,130171,682629,44897,73321,Member For1044633,76146,1044633,Quote,Janie.Welsh@shipownersclub.com,130171,7987697,Rsk For1044633,YACHT CHARTER 13+ PAX,fgf,2500,2012,ITA,ITALY,GEN,GENOA,YACHTS,null,null
150791,130170,682628,44896,73320,NewMember For1044632,76145,1044632,Policy,Janie.Welsh@shipownersclub.com,130170,9790086,Any NewVessel,YACHT CHARTER 13+ PAX,67678,2500,2012,ITA,ITALY,TRE,TRIESTE,YACHTS,null,null
150790,130170,682628,44896,73320,NewMember For1044632,76144,1044632,Quote,Janie.Welsh@shipownersclub.com,130170,9790086,Any NewVessel,YACHT CHARTER 13+ PAX,67678,2500,2012,ITA,ITALY,TRE,TRIESTE,YACHTS,null,null
150789,130150,682608,44889,73313,Member For1044613,76143,1044631,Policy,Janie.Welsh@shipownersclub.com,130150,3465457,Moribund the Burgermeister,YACHT CHARTER 13+ PAX,ddd,2000,2012,ITA,ITALY,TRE,TRIESTE,YACHTS,null,null
150788,130151,682609,44889,73313,Member For1044613,76143,1044631,Policy,Janie.Welsh@shipownersclub.com,130151,7835636,Major Tom,YACHT CHARTER 13+ PAX,eee,2500,2012,IRL,IRELAND REPUBLIC OF,COR,CORK,YACHTS,null,null
150785,130169,682627,44895,73319,RevisedMember Name1044630,76141,1044630,Policy,Janie.Welsh@shipownersclub.com,130169,5475676,Risk 2 Name1044630,YACHT CHARTER 13+ PAX,uuu,2500,2012,IRL,IRELAND REPUBLIC OF,COR,CORK,YACHTS,null,null
150784,130168,682626,44895,73319,RevisedMember Name1044630,76141,1044630,Policy,Janie.Welsh@shipownersclub.com,130168,2353243,Risk 1 Name1044630,YACHT CHARTER 13+ PAX,ttt,2500,2012,ITA,ITALY,TRE,TRIESTE,YACHTS,null,null
150783,130169,682627,44895,73319,RevisedMember Name1044630,76140,1044630,Quote,Janie.Welsh@shipownersclub.com,130169,5475676,Risk 2 Name1044630,YACHT CHARTER 13+ PAX,uuu,2500,2012,IRL,IRELAND REPUBLIC OF,COR,CORK,YACHTS,null,null
150782,130168,682626,44895,73319,RevisedMember Name1044630,76140,1044630,Quote,Janie.Welsh@shipownersclub.com,130168,2353243,Risk 1 Name1044630,YACHT CHARTER 13+ PAX,ttt,2500,2012,ITA,ITALY,TRE,TRIESTE,YACHTS,null,null
150781,130153,682611,44891,73315,Member For1044615,76139,1044629,Policy,Janie.Welsh@shipownersclub.com,130153,4643537,Risk 1 1044615,YACHT CHARTER 13+ PAX,ggg,2500,2012,ITA,ITALY,TRE,TRIESTE,YACHTS,null,null
150779,130167,682625,44894,73318,Updated Member Name,76137,1044628,Policy,Janie.Welsh@shipownersclub.com,130167,2354089,Risk 2 For1044628,YACHT CHARTER 13+ PAX,uuu,2500,2012,IRL,IRELAND REPUBLIC OF,COR,CORK,YACHTS,null,null
150778,130166,682624,44894,73318,Updated Member Name,76137,1044628,Policy,Janie.Welsh@shipownersclub.com,130166,3454355,Risk 1 For1044628,YACHT CHARTER 13+ PAX,ttt,2500,2012,ITA,ITALY,TRE,TRIESTE,YACHTS,null,null
150777,130167,682625,44894,73318,Updated Member Name,76136,1044628,Quote,Janie.Welsh@shipownersclub.com,130167,2354089,Risk 2 For1044628,YACHT CHARTER 13+ PAX,uuu,2500,2012,IRL,IRELAND REPUBLIC OF,COR,CORK,YACHTS,null,null
150776,130166,682624,44894,73318,Updated Member Name,76136,1044628,Quote,Janie.Welsh@shipownersclub.com,130166,3454355,Risk 1 For1044628,YACHT CHARTER 13+ PAX,ttt,2500,2012,ITA,ITALY,TRE,TRIESTE,YACHTS,null,null
150775,130161,682619,44893,73317,MemberFor RenewalOne,76135,1044627,Policy,Janie.Welsh@shipownersclub.com,130161,2432415,Risk 2 For1044620,YACHT CHARTER 13+ PAX,ooo,2500,2012,IRL,IRELAND REPUBLIC OF,COR,CORK,YACHTS,null,null
150774,130160,682618,44893,73317,MemberFor RenewalOne,76135,1044627,Policy,Janie.Welsh@shipownersclub.com,130160,2349010,Risk 1 For1044620,YACHT CHARTER 13+ PAX,nnn,2500,2012,ITA,ITALY,TRE,TRIESTE,YACHTS,null,null
150773,130163,682621,44893,73317,MemberFor RenewalOne,76134,1044626,Policy,Janie.Welsh@shipownersclub.com,130163,3458923,Risk 2 For1044621,YACHT CHARTER 13+ PAX,qqq,2500,2012,IRL,IRELAND REPUBLIC OF,COR,CORK,YACHTS,null,null
150772,130162,682620,44893,73317,MemberFor RenewalOne,76134,1044626,Policy,Janie.Welsh@shipownersclub.com,130162,3458727,Risk 1 For1044621,YACHT CHARTER 13+ PAX,ppp,2500,2012,ITA,ITALY,TRE,TRIESTE,YACHTS,null,null
150761,130165,682623,44893,73317,MemberFor RenewalOne,76127,1044623,Policy,Janie.Welsh@shipownersclub.com,130165,2342933,Risk 1 For1044623,YACHT CHARTER 13+ PAX,sss,2500,2012,ITA,ITALY,TRE,TRIESTE,YACHTS,null,null
150760,130165,682623,44893,73317,MemberFor RenewalOne,76126,1044623,Quote,Janie.Welsh@shipownersclub.com,130165,2342933,Risk 1 For1044623,YACHT CHARTER 13+ PAX,sss,2500,2012,ITA,ITALY,TRE,TRIESTE,YACHTS,null,null
150759,130164,682622,44893,73317,MemberFor RenewalOne,76125,1044622,Policy,Janie.Welsh@shipownersclub.com,130164,2342323,Risk 1 For1044622,YACHT CHARTER 13+ PAX,rrr,2500,2012,ITA,ITALY,TRE,TRIESTE,YACHTS,null,null
150758,130164,682622,44893,73317,MemberFor RenewalOne,76124,1044622,Quote,Janie.Welsh@shipownersclub.com,130164,2342323,Risk 1 For1044622,YACHT CHARTER 13+ PAX,rrr,2500,2012,ITA,ITALY,TRE,TRIESTE,YACHTS,null,null
150757,130163,682621,44893,73317,MemberFor RenewalOne,76123,1044621,Policy,Janie.Welsh@shipownersclub.com,130163,3458923,Risk 2 For1044621,YACHT CHARTER 13+ PAX,qqq,2500,2012,IRL,IRELAND REPUBLIC OF,COR,CORK,YACHTS,null,null
150756,130162,682620,44893,73317,MemberFor RenewalOne,76123,1044621,Policy,Janie.Welsh@shipownersclub.com,130162,3458727,Risk 1 For1044621,YACHT CHARTER 13+ PAX,ppp,2500,2012,ITA,ITALY,TRE,TRIESTE,YACHTS,null,null
150755,130163,682621,44893,73317,MemberFor RenewalOne,76122,1044621,Quote,Janie.Welsh@shipownersclub.com,130163,3458923,Risk 2 For1044621,YACHT CHARTER 13+ PAX,qqq,2500,2012,IRL,IRELAND REPUBLIC OF,COR,CORK,YACHTS,null,null
150754,130162,682620,44893,73317,MemberFor RenewalOne,76122,1044621,Quote,Janie.Welsh@shipownersclub.com,130162,3458727,Risk 1 For1044621,YACHT CHARTER 13+ PAX,ppp,2500,2012,ITA,ITALY,TRE,TRIESTE,YACHTS,null,null
150753,130161,682619,44893,73317,MemberFor RenewalOne,76121,1044620,Policy,Janie.Welsh@shipownersclub.com,130161,2432415,Risk 2 For1044620,YACHT CHARTER 13+ PAX,ooo,2500,2012,IRL,IRELAND REPUBLIC OF,COR,CORK,YACHTS,null,null
150752,130160,682618,44893,73317,MemberFor RenewalOne,76121,1044620,Policy,Janie.Welsh@shipownersclub.com,130160,2349010,Risk 1 For1044620,YACHT CHARTER 13+ PAX,nnn,2500,2012,ITA,ITALY,TRE,TRIESTE,YACHTS,null,null
150751,130161,682619,44893,73317,MemberFor RenewalOne,76120,1044620,Quote,Janie.Welsh@shipownersclub.com,130161,2432415,Risk 2 For1044620,YACHT CHARTER 13+ PAX,ooo,2500,2012,IRL,IRELAND REPUBLIC OF,COR,CORK,YACHTS,null,null
150750,130160,682618,44893,73317,MemberFor RenewalOne,76120,1044620,Quote,Janie.Welsh@shipownersclub.com,130160,2349010,Risk 1 For1044620,YACHT CHARTER 13+ PAX,nnn,2500,2012,ITA,ITALY,TRE,TRIESTE,YACHTS,null,null
150749,130159,682617,44892,73316,Member For1044616 ,76119,1044619,Policy,Janie.Welsh@shipownersclub.com,130159,2365349,Risk 2 For1044619,YACHT CHARTER 13+ PAX,mmm,2500,2012,IRL,IRELAND REPUBLIC OF,COR,CORK,YACHTS,null,null
150748,130158,682616,44892,73316,Member For1044616 ,76119,1044619,Policy,Janie.Welsh@shipownersclub.com,130158,2358906,Risk 1 For1044619,YACHT CHARTER 13+ PAX,lll,2500,2012,ITA,ITALY,TRE,TRIESTE,YACHTS,null,null
150747,130159,682617,44892,73316,Member For1044616 ,76118,1044619,Quote,Janie.Welsh@shipownersclub.com,130159,2365349,Risk 2 For1044619,YACHT CHARTER 13+ PAX,mmm,2500,2012,IRL,IRELAND REPUBLIC OF,COR,CORK,YACHTS,null,null
150746,130158,682616,44892,73316,Member For1044616 ,76118,1044619,Quote,Janie.Welsh@shipownersclub.com,130158,2358906,Risk 1 For1044619,YACHT CHARTER 13+ PAX,lll,2500,2012,ITA,ITALY,TRE,TRIESTE,YACHTS,null,null
150745,130157,682615,44892,73316,Member For1044616 ,76117,1044618,Policy,Janie.Welsh@shipownersclub.com,130157,8340298,Risk 1 For1044618,YACHT CHARTER 13+ PAX,kkk,2500,2012,ITA,ITALY,TRE,TRIESTE,YACHTS,null,null
150744,130157,682615,44892,73316,Member For1044616 ,76116,1044618,Quote,Janie.Welsh@shipownersclub.com,130157,8340298,Risk 1 For1044618,YACHT CHARTER 13+ PAX,kkk,2500,2012,ITA,ITALY,TRE,TRIESTE,YACHTS,null,null
150743,130156,682614,44892,73316,Member For1044616 ,76115,1044617,Policy,Janie.Welsh@shipownersclub.com,130156,8297518,Updated Happy Risk,YACHT CHARTER 13+ PAX,jjj,2500,2012,ITA,ITALY,TRE,TRIESTE,YACHTS,null,null
150742,130156,682614,44892,73316,Member For1044616 ,76114,1044617,Quote,Janie.Welsh@shipownersclub.com,130156,8297518,Updated Happy Risk,YACHT CHARTER 13+ PAX,jjj,2500,2012,ITA,ITALY,TRE,TRIESTE,YACHTS,null,null
150741,130155,682613,44892,73316,Member For1044616 ,76113,1044616,Policy,Janie.Welsh@shipownersclub.com,130155,5373921,Risk2 For1044616 ,YACHT CHARTER 13+ PAX,iii,2500,2012,IRL,IRELAND REPUBLIC OF,COR,CORK,YACHTS,null,null
150740,130154,682612,44892,73316,Member For1044616 ,76113,1044616,Policy,Janie.Welsh@shipownersclub.com,130154,9784386,Risk 1 For1044616 ,YACHT CHARTER 13+ PAX,hhh,2500,2012,ITA,ITALY,TRE,TRIESTE,YACHTS,null,null
150739,130155,682613,44892,73316,Member For1044616 ,76112,1044616,Quote,Janie.Welsh@shipownersclub.com,130155,5373921,Risk2 For1044616 ,YACHT CHARTER 13+ PAX,iii,2500,2012,IRL,IRELAND REPUBLIC OF,COR,CORK,YACHTS,null,null
150738,130154,682612,44892,73316,Member For1044616 ,76112,1044616,Quote,Janie.Welsh@shipownersclub.com,130154,9784386,Risk 1 For1044616 ,YACHT CHARTER 13+ PAX,hhh,2500,2012,ITA,ITALY,TRE,TRIESTE,YACHTS,null,null
150737,130153,682611,44891,73315,Member For1044615,76111,1044615,Policy,Janie.Welsh@shipownersclub.com,130153,4643537,Risk 1 1044615,YACHT CHARTER 13+ PAX,ggg,2500,2012,ITA,ITALY,TRE,TRIESTE,YACHTS,null,null
150736,130153,682611,44891,73315,Member For1044615,76110,1044615,Quote,Janie.Welsh@shipownersclub.com,130153,4643537,Risk 1 1044615,YACHT CHARTER 13+ PAX,ggg,2500,2012,ITA,ITALY,TRE,TRIESTE,YACHTS,null,null
150735,130152,682610,44890,73314,Member For1044614,76109,1044614,Policy,Janie.Welsh@shipownersclub.com,130152,6245212,Risk 1 1044614,YACHT CHARTER 13+ PAX,fff,2000,2012,ITA,ITALY,TRE,TRIESTE,YACHTS,null,null
150734,130152,682610,44890,73314,Member For1044614,76108,1044614,Quote,Janie.Welsh@shipownersclub.com,130152,6245212,Risk 1 1044614,YACHT CHARTER 13+ PAX,fff,2000,2012,ITA,ITALY,TRE,TRIESTE,YACHTS,null,null
150733,130151,682609,44889,73313,Member For1044613,76107,1044613,Policy,Janie.Welsh@shipownersclub.com,130151,7835636,Major Tom,YACHT CHARTER 13+ PAX,eee,2500,2012,IRL,IRELAND REPUBLIC OF,COR,CORK,YACHTS,null,null
150732,130150,682608,44889,73313,Member For1044613,76107,1044613,Policy,Janie.Welsh@shipownersclub.com,130150,3465457,Moribund the Burgermeister,YACHT CHARTER 13+ PAX,ddd,2000,2012,ITA,ITALY,TRE,TRIESTE,YACHTS,null,null
150731,130151,682609,44889,73313,Member For1044613,76106,1044613,Quote,Janie.Welsh@shipownersclub.com,130151,7835636,Major Tom,YACHT CHARTER 13+ PAX,eee,2500,2012,IRL,IRELAND REPUBLIC OF,COR,CORK,YACHTS,null,null
150730,130150,682608,44889,73313,Member For1044613,76106,1044613,Quote,Janie.Welsh@shipownersclub.com,130150,3465457,Moribund the Burgermeister,YACHT CHARTER 13+ PAX,ddd,2000,2012,ITA,ITALY,TRE,TRIESTE,YACHTS,null,null
150729,130149,682607,44888,73312,Member For155071,76105,1044612,Policy,Janie.Welsh@shipownersclub.com,130149,6546343,Risk 2 For1044612,YACHT CHARTER 13+ PAX,ccc,2500,2012,IRL,IRELAND REPUBLIC OF,COR,CORK,YACHTS,null,null
150728,130148,682606,44888,73312,Member For155071,76105,1044612,Policy,Janie.Welsh@shipownersclub.com,130148,5239814,Risk 1 For1044612,YACHT CHARTER MAX 12 PAX,bbb,2500,2012,ITA,ITALY,TRE,TRIESTE,YACHTS,null,null
150727,130149,682607,44888,73312,Member For155071,76104,1044612,Quote,Janie.Welsh@shipownersclub.com,130149,6546343,Risk 2 For1044612,YACHT CHARTER 13+ PAX,ccc,2500,2012,IRL,IRELAND REPUBLIC OF,COR,CORK,YACHTS,null,null
150726,130148,682606,44888,73312,Member For155071,76104,1044612,Quote,Janie.Welsh@shipownersclub.com,130148,5239814,Risk 1 For1044612,YACHT CHARTER MAX 12 PAX,bbb,2500,2012,ITA,ITALY,TRE,TRIESTE,YACHTS,null,null
150725,130147,682605,44888,73312,Member For155071,76103,1044611,Quote,Janie.Welsh@shipownersclub.com,130147,4698702,Risk 2 1044611,YACHT CHARTER 13+ PAX,aaa,2500,2012,IRL,IRELAND REPUBLIC OF,COR,CORK,YACHTS,null,null
150724,130146,682604,44888,73312,Member For155071,76103,1044611,Quote,Janie.Welsh@shipownersclub.com,130146,null,Risk 1 1044611,YACHT CHARTER 13+ PAX,null,2500,2012,ITA,ITALY,TRE,TRIESTE,YACHTS,null,null
150723,130145,682603,44888,73312,Member For155071,76102,1044610,Quote,Janie.Welsh@shipownersclub.com,130145,null,Risk 1044610,YACHT CHARTER 13+ PAX,null,2500,2012,ITA,ITALY,TRE,TRIESTE,YACHTS,null,null
150722,130144,682602,44888,73312,Member For155071,76101,1044609,Quote,Janie.Welsh@shipownersclub.com,130144,null,Risk 2 1044609,YACHT CHARTER 13+ PAX,null,2500,2012,IRL,IRELAND REPUBLIC OF,COR,CORK,YACHTS,null,null
150721,130143,682601,44888,73312,Member For155071,76101,1044609,Quote,Janie.Welsh@shipownersclub.com,130143,null,Risk 1 1044609,YACHT CHARTER 13+ PAX,null,2500,2012,ITA,ITALY,TRE,TRIESTE,YACHTS,null,null
150720,130142,682600,44888,73312,Member For155071,76100,1044608,Quote,Janie.Welsh@shipownersclub.com,130142,null,Risk For1044608,YACHT CHARTER 13+ PAX,null,2500,2012,ITA,ITALY,TRE,TRIESTE,YACHTS,null,null
150719,130141,682599,44888,73312,Member For155071,76099,1044607,Quote,Janie.Welsh@shipownersclub.com,130141,null,Risk 1044607,YACHT CHARTER 13+ PAX,null,2500,2012,ITA,ITALY,TRE,TRIESTE,YACHTS,null,null
150718,130140,682598,44888,73312,Member For155071,76098,1044606,Quote,Janie.Welsh@shipownersclub.com,130140,null,Risk 2 1044606,YACHT CHARTER 13+ PAX,null,2500,2012,IRL,IRELAND REPUBLIC OF,COR,CORK,YACHTS,null,null
150717,130139,682597,44888,73312,Member For155071,76098,1044606,Quote,Janie.Welsh@shipownersclub.com,130139,null,Risk 1 1044606,YACHT CHARTER 13+ PAX,null,2500,2012,ITA,ITALY,TRE,TRIESTE,YACHTS,null,null
150716,130138,682596,44887,73311,PaulsNewMember,76097,1044605,Quote,Janie.Welsh@shipownersclub.com,130138,null,notaboat,GENERAL BARGE,null,123,2003,ALD,ALAND ISLANDS,A G,A GUARDA,BARGES,null,null
150715,130137,682595,44887,73311,PaulsNewMember,76096,1044604,Quote,Janie.Welsh@shipownersclub.com,130137,null,omgitstheblob,DREDGING (FISHING),null,123,2003,ALD,ALAND ISLANDS,A G,A GUARDA,FISHING VESSELS,null,null
150714,130136,682594,44887,73311,PaulsNewMember,76095,1044603,Quote,Janie.Welsh@shipownersclub.com,130136,null,itsathing,DREDGING (FISHING),null,123,2003,AFG,AFGHANISTAN,A G,A GUARDA,FISHING VESSELS,null,null
150713,130135,682593,44886,73310,Paul Productions,76094,1044602,Policy,Janie.Welsh@shipownersclub.com,130135,null,Ark,TANK,null,1,2000,VGB,BRITISH VIRGIN ISLANDS,ABE,ABERDEEN,BARGES,null,null
150712,130135,682593,44886,73310,Paul Productions,76093,1044602,Quote,Janie.Welsh@shipownersclub.com,130135,null,Ark,TANK,null,1,2000,VGB,BRITISH VIRGIN ISLANDS,ABE,ABERDEEN,BARGES,null,null
150711,130134,682592,44884,73308,FirstUpdate Member,76091,1044600,Policy,Janie.Welsh@shipownersclub.com,130134,7655464,Case1 Risk2,YACHT CHARTER 13+ PAX,c1r2,2500,2012,IRL,IRELAND REPUBLIC OF,COR,CORK,YACHTS,null,null
150710,130133,682591,44884,73308,FirstUpdate Member,76091,1044600,Policy,Janie.Welsh@shipownersclub.com,130133,2345789,Case1 Risk1,YACHT CHARTER 13+ PAX,C1r1,2500,2012,ITA,ITALY,TRE,TRIESTE,YACHTS,null,null
150707,130134,682592,44884,73308,FirstUpdate Member,76089,1044599,Policy,Janie.Welsh@shipownersclub.com,130134,7655464,Case1 Risk2,YACHT CHARTER 13+ PAX,c1r2,2500,2012,IRL,IRELAND REPUBLIC OF,COR,CORK,YACHTS,null,null
150706,130133,682591,44884,73308,FirstUpdate Member,76089,1044599,Policy,Janie.Welsh@shipownersclub.com,130133,2345789,Case1 Risk1,YACHT CHARTER 13+ PAX,C1r1,2500,2012,ITA,ITALY,TRE,TRIESTE,YACHTS,null,null
150705,130134,682592,44884,73308,FirstUpdate Member,76088,1044599,Quote,Janie.Welsh@shipownersclub.com,130134,7655464,Case1 Risk2,YACHT CHARTER 13+ PAX,c1r2,2500,2012,IRL,IRELAND REPUBLIC OF,COR,CORK,YACHTS,null,null
150704,130133,682591,44884,73308,FirstUpdate Member,76088,1044599,Quote,Janie.Welsh@shipownersclub.com,130133,2345789,Case1 Risk1,YACHT CHARTER 13+ PAX,C1r1,2500,2012,ITA,ITALY,TRE,TRIESTE,YACHTS,null,null
150703,130132,682590,44884,73308,FirstUpdate Member,76087,1044598,Policy,Janie.Welsh@shipownersclub.com,130132,3454238,SecondPol Risk,YACHT CHARTER 13+ PAX,2pr,2500,2012,ITA,ITALY,TRE,TRIESTE,YACHTS,null,null
150702,130132,682590,44884,73308,FirstUpdate Member,76086,1044598,Quote,Janie.Welsh@shipownersclub.com,130132,3454238,SecondPol Risk,YACHT CHARTER 13+ PAX,2pr,2500,2012,ITA,ITALY,TRE,TRIESTE,YACHTS,null,null
150701,130131,682589,44884,73308,FirstUpdate Member,76085,1044597,Policy,Janie.Welsh@shipownersclub.com,130131,8793598,Risk2 ForMember,YACHT CHARTER 13+ PAX,po2,2500,2012,IRL,IRELAND REPUBLIC OF,COR,CORK,YACHTS,null,null
150700,130130,682588,44884,73308,FirstUpdate Member,76085,1044597,Policy,Janie.Welsh@shipownersclub.com,130130,4363498,Risk1 ForMember,YACHT CHARTER 13+ PAX,ep1,2500,2012,ITA,ITALY,TRE,TRIESTE,YACHTS,null,null
150699,130131,682589,44884,73308,FirstUpdate Member,76084,1044597,Quote,Janie.Welsh@shipownersclub.com,130131,8793598,Risk2 ForMember,YACHT CHARTER 13+ PAX,po2,2500,2012,IRL,IRELAND REPUBLIC OF,COR,CORK,YACHTS,null,null
150698,130130,682588,44884,73308,FirstUpdate Member,76084,1044597,Quote,Janie.Welsh@shipownersclub.com,130130,4363498,Risk1 ForMember,YACHT CHARTER 13+ PAX,ep1,2500,2012,ITA,ITALY,TRE,TRIESTE,YACHTS,null,null
150697,130129,682587,44883,73307,NewMember For155070,76083,1044596,Policy,Janie.Welsh@shipownersclub.com,130129,3536323,SecondRisk,YACHT CHARTER 13+ PAX,er234,3333,2012,USA,UNITED STATES OF AMERICA,MIA,MIAMI,YACHTS,null,null
150696,130129,682587,44883,73307,NewMember For155070,76082,1044596,Quote,Janie.Welsh@shipownersclub.com,130129,3536323,SecondRisk,YACHT CHARTER 13+ PAX,er234,3333,2012,USA,UNITED STATES OF AMERICA,MIA,MIAMI,YACHTS,null,null
150695,130128,682586,44883,73307,NewMember For155070,76081,1044595,Policy,Janie.Welsh@shipownersclub.com,130128,5432648,FirstRisk,YACHT CHARTER 13+ PAX,AAIIAIO,3333,2012,USA,UNITED STATES OF AMERICA,MIA,MIAMI,YACHTS,null,null
150692,130128,682586,44883,73307,NewMember For155070,76078,1044594,Policy,Janie.Welsh@shipownersclub.com,130128,5432648,FirstRisk,YACHT CHARTER 13+ PAX,AAIIAIO,3333,2012,USA,UNITED STATES OF AMERICA,MIA,MIAMI,YACHTS,null,null
150691,130128,682586,44883,73307,NewMember For155070,76077,1044594,Quote,Janie.Welsh@shipownersclub.com,130128,5432648,FirstRisk,YACHT CHARTER 13+ PAX,AAIIAIO,3333,2012,USA,UNITED STATES OF AMERICA,MIA,MIAMI,YACHTS,null,null
150690,130127,682585,44882,73306,NewMember ForAPI,76076,1044593,Policy,Janie.Welsh@shipownersclub.com,130127,5646445,B152672 R2r3,YACHT CHARTER 13+ PAX,hf,2500,2012,IRL,IRELAND REPUBLIC OF,COR,CORK,YACHTS,null,null
150689,130126,682584,44882,73306,NewMember ForAPI,76076,1044593,Policy,Janie.Welsh@shipownersclub.com,130126,2354534,B152672 R2r2,YACHT CHARTER 13+ PAX,oi,2500,2012,ITA,ITALY,TRE,TRIESTE,YACHTS,null,null
150688,130127,682585,44882,73306,NewMember ForAPI,76075,1044593,Quote,Janie.Welsh@shipownersclub.com,130127,5646445,B152672 R2r3,YACHT CHARTER 13+ PAX,hf,2500,2012,IRL,IRELAND REPUBLIC OF,COR,CORK,YACHTS,null,null
150687,130126,682584,44882,73306,NewMember ForAPI,76075,1044593,Quote,Janie.Welsh@shipownersclub.com,130126,2354534,B152672 R2r2,YACHT CHARTER 13+ PAX,oi,2500,2012,ITA,ITALY,TRE,TRIESTE,YACHTS,null,null
150686,130125,682583,44882,73306,NewMember ForAPI,76074,1044592,Policy,Janie.Welsh@shipownersclub.com,130125,6544682,B152672 R2R,YACHT CHARTER 13+ PAX,34643,2500,2012,GBR,UNITED KINGDOM,TRE,TRIESTE,YACHTS,null,null
150685,130125,682583,44882,73306,NewMember ForAPI,76073,1044592,Quote,Janie.Welsh@shipownersclub.com,130125,6544682,B152672 R2R,YACHT CHARTER 13+ PAX,34643,2500,2012,GBR,UNITED KINGDOM,TRE,TRIESTE,YACHTS,null,null
150684,130124,682582,44882,73306,NewMember ForAPI,76072,1044591,Policy,Janie.Welsh@shipownersclub.com,130124,null,Risk2,YACHT CHARTER 13+ PAX,null,2500,2012,ITA,ITALY,TRE,TRIESTE,YACHTS,null,null
150683,130124,682582,44882,73306,NewMember ForAPI,76071,1044591,Quote,Janie.Welsh@shipownersclub.com,130124,null,Risk2,YACHT CHARTER 13+ PAX,null,2500,2012,ITA,ITALY,TRE,TRIESTE,YACHTS,null,null
150682,130123,682581,44881,73305,New MemberFINAL,76070,1044590,Quote,Janie.Welsh@shipownersclub.com,130123,null,AddedARisk,YACHT CHARTER 13+ PAX,null,2500,2012,ITA,ITALY,TRE,TRIESTE,YACHTS,null,null
150681,130122,682580,44881,73305,New MemberFINAL,76069,1044589,Quote,Janie.Welsh@shipownersclub.com,130122,null,AAARRRR111,YACHT CHARTER 13+ PAX,null,2500,2012,GBR,UNITED KINGDOM,FEL,FELIXSTOWE,YACHTS,null,null
150680,130122,682580,44881,73305,New MemberFINAL,76069,1044589,Quote,Janie.Welsh@shipownersclub.com,130122,null,AAARRRR111,YACHT CHARTER 13+ PAX,null,2500,2012,GBR,UNITED KINGDOM,FEL,FELIXSTOWE,YACHTS,null,null
150679,130121,682579,44881,73305,New MemberFINAL,76068,1044588,Quote,Janie.Welsh@shipownersclub.com,130121,null,OneRiskOnly,YACHT CHARTER 13+ PAX,null,2500,2012,ITA,ITALY,TRE,TRIESTE,YACHTS,null,null
150678,130120,682578,44881,73305,New MemberFINAL,76067,1044587,Policy,Janie.Welsh@shipownersclub.com,130120,null,RiskBound,YACHT CHARTER MAX 12 PAX,DDDD,2500,2012,ITA,ITALY,TRE,TRIESTE,YACHTS,null,null
150677,130120,682578,44881,73305,New MemberFINAL,76066,1044587,Quote,Janie.Welsh@shipownersclub.com,130120,null,RiskBound,YACHT CHARTER MAX 12 PAX,DDDD,2500,2012,ITA,ITALY,TRE,TRIESTE,YACHTS,null,null
150676,130119,682577,44881,73305,New MemberFINAL,76065,1044586,Policy,Janie.Welsh@shipownersclub.com,130119,1029388,OnlyRisk,YACHT CHARTER 13+ PAX,ABCD3,2500,2012,ITA,ITALY,TRE,TRIESTE,YACHTS,null,null
150675,130119,682577,44881,73305,New MemberFINAL,76064,1044586,Quote,Janie.Welsh@shipownersclub.com,130119,1029388,OnlyRisk,YACHT CHARTER 13+ PAX,ABCD3,2500,2012,ITA,ITALY,TRE,TRIESTE,YACHTS,null,null
150672,130118,682576,44881,73305,New MemberFINAL,76062,1044584,Policy,Janie.Welsh@shipownersclub.com,130118,null,Bug152891 Risk 2,YACHT CHARTER 13+ PAX,null,2500,2012,IRL,IRELAND REPUBLIC OF,COR,CORK,YACHTS,null,null
150671,130117,682575,44881,73305,New MemberFINAL,76062,1044584,Policy,Janie.Welsh@shipownersclub.com,130117,null,Bug152891 Risk 1,YACHT CHARTER 13+ PAX,null,2500,2012,ITA,ITALY,TRE,TRIESTE,YACHTS,null,null
150670,130118,682576,44881,73305,New MemberFINAL,76061,1044584,Quote,Janie.Welsh@shipownersclub.com,130118,null,Bug152891 Risk 2,YACHT CHARTER 13+ PAX,null,2500,2012,IRL,IRELAND REPUBLIC OF,COR,CORK,YACHTS,null,null
150669,130117,682575,44881,73305,New MemberFINAL,76061,1044584,Quote,Janie.Welsh@shipownersclub.com,130117,null,Bug152891 Risk 1,YACHT CHARTER 13+ PAX,null,2500,2012,ITA,ITALY,TRE,TRIESTE,YACHTS,null,null
150668,130116,682574,44881,73305,New MemberFINAL,76060,1044583,Policy,Janie.Welsh@shipownersclub.com,130116,null,arisk,YACHT CHARTER MAX 12 PAX,null,2500,2012,ITA,ITALY,TRE,TRIESTE,YACHTS,null,null
150667,130116,682574,44881,73305,New MemberFINAL,76059,1044583,Quote,Janie.Welsh@shipownersclub.com,130116,null,arisk,YACHT CHARTER MAX 12 PAX,null,2500,2012,ITA,ITALY,TRE,TRIESTE,YACHTS,null,null
150666,130115,682573,44881,73305,New MemberFINAL,76057,1044581,Policy,Janie.Welsh@shipownersclub.com,130115,null,R2B152672 R3,YACHT CHARTER 13+ PAX,null,2500,2012,GBR,UNITED KINGDOM,FEL,FELIXSTOWE,YACHTS,null,null
150665,130114,682572,44881,73305,New MemberFINAL,76057,1044581,Policy,Janie.Welsh@shipownersclub.com,130114,null,R2B152672 R2,YACHT CHARTER 13+ PAX,null,2500,2012,IRL,IRELAND REPUBLIC OF,COR,CORK,YACHTS,null,null
150664,130113,682571,44881,73305,New MemberFINAL,76057,1044581,Policy,Janie.Welsh@shipownersclub.com,130113,null,R2B152672 R1,YACHT CHARTER 13+ PAX,null,3333,2012,ITA,ITALY,GEN,GENOA,YACHTS,null,null
150663,130115,682573,44881,73305,New MemberFINAL,76056,1044581,Quote,Janie.Welsh@shipownersclub.com,130115,null,R2B152672 R3,YACHT CHARTER 13+ PAX,null,2500,2012,GBR,UNITED KINGDOM,FEL,FELIXSTOWE,YACHTS,null,null
150662,130114,682572,44881,73305,New MemberFINAL,76056,1044581,Quote,Janie.Welsh@shipownersclub.com,130114,null,R2B152672 R2,YACHT CHARTER 13+ PAX,null,2500,2012,IRL,IRELAND REPUBLIC OF,COR,CORK,YACHTS,null,null
150661,130113,682571,44881,73305,New MemberFINAL,76056,1044581,Quote,Janie.Welsh@shipownersclub.com,130113,null,R2B152672 R1,YACHT CHARTER 13+ PAX,null,3333,2012,ITA,ITALY,GEN,GENOA,YACHTS,null,null
150660,130112,682570,44880,73304,New4 Safety,76055,1044580,Quote,Janie.Welsh@shipownersclub.com,130112,null,B152672 R3,YACHT CHARTER 13+ PAX,null,2500,2012,GBR,UNITED KINGDOM,FEL,FELIXSTOWE,YACHTS,null,null
150659,130111,682569,44880,73304,New4 Safety,76055,1044580,Quote,Janie.Welsh@shipownersclub.com,130111,null,B152672 R2,YACHT CHARTER 13+ PAX,null,2500,2012,IRL,IRELAND REPUBLIC OF,COR,CORK,YACHTS,null,null
150658,130110,682568,44880,73304,New4 Safety,76055,1044580,Quote,Janie.Welsh@shipownersclub.com,130110,null,B152672 R1,YACHT CHARTER 13+ PAX,null,2500,2012,ITA,ITALY,TRE,TRIESTE,YACHTS,null,null
150657,130109,682567,31227,50700,Eleven Yachting Limited,76054,1044579,Quote,Nicola.Kingman@shipownersclub.com,130109,null,ganbatte kudasai,YACHT PRIVATE OWNED NO CHARTER,null,123,2003,ALD,ALAND ISLANDS,A G,A GUARDA,YACHTS,null,null
150656,130108,682566,31227,50700,Eleven Yachting Limited,76053,1044578,Quote,Nicola.Kingman@shipownersclub.com,130108,null,ganbatte,DREDGING (FISHING),null,123,2003,ALD,ALAND ISLANDS,A G,A GUARDA,FISHING VESSELS,null,null
150654,130107,682565,44879,73303,Day0_MemberByRef,76051,1044576,Policy,Janie.Welsh@shipownersclub.com,130107,8765345,SurajRisk,DREDGING (FISHING),123,120,2000,IND,INDIA,GOI,GOA (INDIA),FISHING VESSELS,null,null
150653,130107,682565,44879,73303,Day0_MemberByRef,76050,1044576,Quote,Janie.Welsh@shipownersclub.com,130107,8765345,SurajRisk,DREDGING (FISHING),123,120,2000,IND,INDIA,GOI,GOA (INDIA),FISHING VESSELS,null,null
150652,130106,682564,44878,73302,Day3_Member,76049,1044575,Policy,Janie.Welsh@shipownersclub.com,130106,null,MTAVessel,DREDGING (FISHING),1000,200,2020,IND,INDIA,GOI,GOA (INDIA),FISHING VESSELS,null,null
150651,130106,682564,44878,73302,Day3_Member,76048,1044575,Quote,Janie.Welsh@shipownersclub.com,130106,null,MTAVessel,DREDGING (FISHING),1000,200,2020,IND,INDIA,GOI,GOA (INDIA),FISHING VESSELS,null,null
150650,130105,682563,44865,73289,Day3_MemberForRiskName,76046,1044573,Policy,Janie.Welsh@shipownersclub.com,130105,8765345,SurajRisk,DREDGING (FISHING),123,120,2000,IND,INDIA,GOI,GOA (INDIA),FISHING VESSELS,null,null
150649,130105,682563,44865,73289,Day3_MemberForRiskName,76045,1044573,Quote,Janie.Welsh@shipownersclub.com,130105,8765345,SurajRisk,DREDGING (FISHING),123,120,2000,IND,INDIA,GOI,GOA (INDIA),FISHING VESSELS,null,null
